target,column,slice,algo,split,n_train,n_test,log1p,R2,RMSE,RPD,RPIQ
corg,oc_usda.calc_wpct,kssl,XGBoost,random(seed=42),57722,14431,True,0.983,1.4431,7.72,1.68
nt,n.tot_usda.4h2_wpct,kssl,XGBoost,random(seed=42),58271,14568,True,0.962,0.0989,5.13,1.87
ton,clay.tot_usda.3a1_wpct,kssl,XGBoost,random(seed=42),40493,10123,False,0.908,4.9646,3.3,4.59
ph_cacl2,ph.cacl2_usda.4c1_index,kssl,XGBoost,random(seed=42),43218,10804,False,0.899,0.4457,3.15,5.72
kak_pot,cec.ext_usda.4b1_cmolkg,kssl,XGBoost,random(seed=42),45145,11286,True,0.947,5.1987,4.34,3.33
sand,sand.tot_usda.3a1_wpct,kssl,XGBoost,random(seed=42),40499,10125,False,0.883,9.9403,2.93,4.91
schluff,silt.tot_usda.3a1_wpct,kssl,XGBoost,random(seed=42),40500,10125,False,0.811,8.9145,2.3,3.43
ct,c.tot_usda.4h2_wpct,kssl,XGBoost,random(seed=42),58279,14570,True,0.988,1.1479,9.31,2.49
caco3,caco3_usda.4e1_wpct,kssl,XGBoost,random(seed=42),24152,6038,True,0.981,1.8289,7.18,5.21
trd,bd.od_usda.3b2_gcm3,kssl,XGBoost,random(seed=42),14154,3539,False,0.777,0.1277,2.12,2.42
fe_d,fe.dith_usda.4g1_wpct,kssl,XGBoost,random(seed=42),28346,7086,True,0.891,0.5335,3.03,2.31
