set,target,name,group,algo,n_train,n_test,R2,R2_cv,RMSE,RPD,RPIQ,RPIQ_eval,q,skipped,R2_SaxSSL,R2_SaxTox,R2_pmird,class
saxssl,corg,Corg,Kohlenstoff & Stickstoff,PLScv,652.0,218.0,0.919,0.921,0.3866,3.53,5.33,5.33,0.0808,,0.919,,,A
saxssl,ct,Gesamt-C,Kohlenstoff & Stickstoff,PLScv,1020.0,340.0,0.952,0.968,0.3081,4.56,5.75,5.75,0.0665,,0.952,,,A
saxssl,nt,Gesamt-N,Kohlenstoff & Stickstoff,Cubist,620.0,207.0,0.927,0.918,0.0251,3.71,4.39,4.39,0.0169,,0.927,,,A
saxssl,cn,C/N-Verhältnis,Kohlenstoff & Stickstoff,PLScv,607.0,202.0,0.796,0.812,2.9539,2.22,1.33,1.33,0.1622,,0.796,,,D
saxssl,toc,TOC (soliTOC),Kohlenstoff & Stickstoff,PLScv,1018.0,339.0,0.957,0.985,0.2709,4.85,6.16,6.16,0.05,,0.957,,,A
saxssl,toc400,TOC400 (labiler C),Kohlenstoff & Stickstoff,PLScv,1018.0,339.0,0.959,0.985,0.2378,4.94,6.41,6.41,0.0473,,0.959,,,A
saxssl,roc,ROC (resistenter C),Kohlenstoff & Stickstoff,PLScv,1018.0,339.0,0.903,0.949,0.054,3.22,2.78,2.78,0.0242,,0.903,,,A
saxssl,tic900,TIC900 (anorg. C),Kohlenstoff & Stickstoff,PLScv,1018.0,339.0,0.868,0.926,0.0262,2.76,1.53,1.53,0.0105,,0.868,,,C
saxssl,caco3,CaCO3,Kohlenstoff & Stickstoff,PLScv,488.0,163.0,0.684,0.56,0.3242,1.78,0.49,0.49,0.1191,,0.684,,,D
saxssl,ton,Ton,Textur,Cubist,460.0,154.0,0.782,0.771,3.5554,2.15,3.24,3.24,2.2067,,0.782,,,A
saxssl,schluff,Schluff,Textur,Cubist,434.0,145.0,0.776,0.875,10.7246,2.12,3.52,3.52,7.8518,,0.776,,,A
saxssl,sand,Sand,Textur,Cubist,434.0,145.0,0.868,0.902,10.1371,2.76,4.88,4.88,7.3609,,0.868,,,A
saxssl,ph_cacl2,pH (CaCl2),Bodenchemie,Cubist,652.0,218.0,0.845,0.928,0.3161,2.54,2.17,2.17,0.237,,0.845,,,B
saxssl,kak_pot,KAK (potentiell),Bodenchemie,Cubist,428.0,143.0,0.783,0.857,3.5392,2.15,1.96,1.96,0.1401,,0.783,,,B
saxssl,kak_eff,KAK (effektiv),Bodenchemie,Cubist,164.0,55.0,0.49,0.633,4.3105,1.41,1.65,1.65,0.1658,,0.49,,,C
saxssl,fe_d,Fe (Dithionit),Bodenchemie,Cubist,605.0,202.0,0.833,0.909,0.1907,2.45,3.34,3.34,0.0501,,0.833,,,A
saxssl,fe_o,Fe (Oxalat),Bodenchemie,Cubist,605.0,202.0,0.77,0.903,0.0933,2.09,2.47,2.47,0.0363,,0.77,,,B
saxssl,trd,Trockenrohdichte,Bodenphysik,Cubist,403.0,134.0,0.541,0.404,0.191,1.48,2.1,2.1,0.1604,,0.541,,,B
saxssl,p_cal,P2O5 (CAL),Nährstoffe,Cubist,326.0,109.0,0.72,0.835,6.2677,1.9,1.76,1.76,0.4306,,0.72,,,C
saxssl,k_cal,K2O (CAL),Nährstoffe,Cubist,326.0,109.0,0.361,0.536,12.4964,1.26,0.88,0.88,0.5922,,0.361,,,D
saxssl,mg_cacl2,Mg (CaCl2),Nährstoffe,XGBoost,580.0,193.0,0.444,0.622,6.9626,1.35,1.58,1.58,0.3255,,0.444,,,C
saxssl,p_kw,P (Königswasser),Nährstoffe,Cubist,598.0,200.0,0.899,0.94,166.5048,3.16,3.72,2.28,0.2349,,0.899,,,B
saxssl,k_kw,K (Königswasser),Nährstoffe,Cubist,598.0,200.0,-0.226,-0.073,2148.4744,0.91,1.44,0.51,1.1065,,-0.226,,,D
saxssl,mg_kw,Mg (Königswasser),Nährstoffe,Cubist,598.0,200.0,0.005,-0.046,3484.1617,1.01,1.13,0.68,1.0987,,0.005,,,D
saxssl,as_kw,Arsen,Schwermetalle (Königswasser),XGBoost,608.0,202.0,0.552,0.644,145.3859,1.5,0.15,0.15,0.3209,,0.552,,,D
saxssl,cd_kw,Cadmium,Schwermetalle (Königswasser),XGBoost,608.0,202.0,0.688,0.794,1.7568,1.8,0.28,0.28,0.2195,,0.688,,,D
saxssl,cr_kw,Chrom,Schwermetalle (Königswasser),Cubist,608.0,202.0,0.761,0.887,12.3855,2.05,1.94,1.94,0.1887,,0.761,,,B
saxssl,cu_kw,Kupfer,Schwermetalle (Königswasser),Cubist,608.0,202.0,0.821,0.875,15.5738,2.37,1.63,1.63,0.3338,,0.821,,,C
saxssl,hg_kw,Quecksilber,Schwermetalle (Königswasser),Cubist,608.0,202.0,0.893,0.889,0.1445,3.06,0.42,0.42,0.0424,,0.893,,,D
saxssl,ni_kw,Nickel,Schwermetalle (Königswasser),Cubist,608.0,202.0,0.743,0.894,10.5722,1.98,2.44,2.44,0.2119,,0.743,,,B
saxssl,pb_kw,Blei,Schwermetalle (Königswasser),XGBoost,608.0,202.0,0.614,0.73,116.5455,1.61,0.28,0.28,0.382,,0.614,,,D
saxssl,zn_kw,Zink,Schwermetalle (Königswasser),Cubist,597.0,199.0,0.788,0.895,91.8012,2.18,1.19,1.19,0.3477,,0.788,,,D
saxtox,corg,Corg,Kohlenstoff & Stickstoff,PLScv,214.0,72.0,0.945,0.894,0.4668,4.31,5.11,5.11,0.0918,,,0.945,,A
saxtox,ct,,,,,,,,,,,,,nur 3 Proben (< 60),,,,-
saxtox,nt,Gesamt-N,Kohlenstoff & Stickstoff,PLScv,209.0,70.0,0.928,0.828,0.047,3.77,4.31,4.31,0.0301,,,0.928,,A
saxtox,cn,C/N-Verhältnis,Kohlenstoff & Stickstoff,Cubist,209.0,70.0,0.492,0.504,1.4993,1.41,1.4,1.4,0.0923,,,0.492,,C
saxtox,caco3,CaCO3,Kohlenstoff & Stickstoff,Cubist,68.0,23.0,-0.124,0.492,0.4032,0.96,0.43,0.43,0.0818,,,-0.124,,D
saxtox,ton,Ton,Textur,Cubist,209.0,70.0,0.582,0.593,4.2296,1.56,2.13,2.13,3.718,,,0.582,,B
saxtox,schluff,Schluff,Textur,Cubist,209.0,70.0,0.845,0.894,7.0253,2.56,3.46,3.46,5.7008,,,0.845,,A
saxtox,sand,Sand,Textur,Cubist,209.0,70.0,0.868,0.893,8.1833,2.77,3.84,3.84,6.2276,,,0.868,,A
saxtox,ph_cacl2,pH (CaCl2),Bodenchemie,Cubist,216.0,72.0,0.874,0.891,0.2883,2.83,4.86,4.86,0.2051,,,0.874,,A
saxtox,p_kw,P (Königswasser),Nährstoffe,PLScv,95.0,32.0,0.906,0.873,156.7295,3.31,4.59,4.59,0.1208,,,0.906,,A
saxtox,k_kw,K (Königswasser),Nährstoffe,PLScv,95.0,32.0,0.727,0.711,617.0093,1.94,2.19,2.18,0.1322,,,0.727,,B
saxtox,mg_kw,Mg (Königswasser),Nährstoffe,PLScv,95.0,32.0,0.89,0.898,345.6077,3.07,4.41,4.23,0.093,,,0.89,,A
saxtox,as_kw,Arsen,Schwermetalle (Königswasser),XGBoost,216.0,72.0,0.513,0.584,80.7176,1.44,1.41,1.41,0.5454,,,0.513,,C
saxtox,cd_kw,Cadmium,Schwermetalle (Königswasser),Cubist,216.0,72.0,0.366,0.53,4.247,1.26,1.07,1.07,0.4694,,,0.366,,D
saxtox,cr_kw,Chrom,Schwermetalle (Königswasser),Cubist,216.0,72.0,0.609,0.662,20.5229,1.61,1.4,1.4,0.2055,,,0.609,,C
saxtox,cu_kw,Kupfer,Schwermetalle (Königswasser),XGBoost,216.0,72.0,0.499,0.581,50.2549,1.42,1.39,1.39,0.4274,,,0.499,,D
saxtox,hg_kw,Quecksilber,Schwermetalle (Königswasser),XGBoost,216.0,72.0,0.408,0.453,0.4682,1.31,1.31,1.31,0.2258,,,0.408,,D
saxtox,ni_kw,Nickel,Schwermetalle (Königswasser),Cubist,216.0,72.0,0.623,0.765,8.9618,1.64,2.12,2.12,0.1933,,,0.623,,B
saxtox,pb_kw,Blei,Schwermetalle (Königswasser),XGBoost,216.0,72.0,0.498,0.494,170.6435,1.42,1.65,1.65,0.6381,,,0.498,,C
saxtox,zn_kw,Zink,Schwermetalle (Königswasser),XGBoost,216.0,72.0,0.444,0.597,205.3374,1.35,1.53,1.53,0.5109,,,0.444,,C
saxtox,bap,Benzo(a)pyren,Organische Schadstoffe,XGBoost,216.0,72.0,0.431,0.425,212.4672,1.33,1.52,1.52,0.7679,,,0.431,,C
saxtox,pak16,PAK (Summe 16 EPA),Organische Schadstoffe,XGBoost,216.0,72.0,0.42,0.427,2941.6466,1.32,1.41,1.41,0.8227,,,0.42,,C
mineral,corg,Corg,Kohlenstoff & Stickstoff,PLScv,867.0,289.0,0.94,0.936,0.4424,4.08,5.38,5.38,0.0873,,0.911,0.939,,A
mineral,ct,Gesamt-C,Kohlenstoff & Stickstoff,PLScv,1022.0,341.0,0.958,0.969,0.2768,4.89,6.61,6.61,0.0663,,0.958,,,A
mineral,nt,Gesamt-N,Kohlenstoff & Stickstoff,PLScv,830.0,276.0,0.929,0.917,0.0377,3.75,3.98,3.98,0.0247,,0.886,0.913,,A
mineral,cn,C/N-Verhältnis,Kohlenstoff & Stickstoff,Cubist,816.0,272.0,0.787,0.831,2.8135,2.17,1.59,1.59,0.124,,0.795,0.509,,C
mineral,toc,TOC (soliTOC),Kohlenstoff & Stickstoff,PLScv,1018.0,339.0,0.957,0.985,0.2709,4.85,6.16,6.16,0.05,,0.957,,,A
mineral,toc400,TOC400 (labiler C),Kohlenstoff & Stickstoff,PLScv,1018.0,339.0,0.959,0.985,0.2378,4.94,6.41,6.41,0.0473,,0.959,,,A
mineral,roc,ROC (resistenter C),Kohlenstoff & Stickstoff,PLScv,1018.0,339.0,0.903,0.949,0.054,3.22,2.78,2.78,0.0242,,0.903,,,A
mineral,tic900,TIC900 (anorg. C),Kohlenstoff & Stickstoff,PLScv,1018.0,339.0,0.868,0.926,0.0262,2.76,1.53,1.53,0.0105,,0.868,,,C
mineral,caco3,CaCO3,Kohlenstoff & Stickstoff,PLScv,556.0,186.0,0.715,0.464,0.2726,1.88,0.61,0.61,0.1122,,0.781,-0.179,,D
mineral,ton,Ton,Textur,Cubist,670.0,223.0,0.723,0.703,3.6891,1.9,2.63,2.63,2.7586,,0.768,0.545,,A
mineral,schluff,Schluff,Textur,Cubist,644.0,214.0,0.803,0.864,9.3838,2.26,3.58,3.58,7.4466,,0.791,0.837,,A
mineral,sand,Sand,Textur,Cubist,644.0,214.0,0.848,0.888,10.1039,2.57,4.17,4.17,7.5004,,0.844,0.85,,A
mineral,ph_cacl2,pH (CaCl2),Bodenchemie,Cubist,868.0,290.0,0.874,0.923,0.2934,2.83,3.43,3.43,0.2254,,0.876,0.85,,A
mineral,kak_pot,KAK (potentiell),Bodenchemie,Cubist,428.0,143.0,0.783,0.857,3.5392,2.15,1.96,1.96,0.1401,,0.783,,,B
mineral,kak_eff,KAK (effektiv),Bodenchemie,Cubist,164.0,55.0,0.49,0.633,4.3105,1.41,1.65,1.65,0.1658,,0.49,,,C
mineral,fe_d,Fe (Dithionit),Bodenchemie,Cubist,605.0,202.0,0.833,0.909,0.1907,2.45,3.34,3.34,0.0501,,0.833,,,A
mineral,fe_o,Fe (Oxalat),Bodenchemie,Cubist,605.0,202.0,0.77,0.903,0.0933,2.09,2.47,2.47,0.0363,,0.77,,,B
mineral,trd,Trockenrohdichte,Bodenphysik,Cubist,403.0,134.0,0.541,0.404,0.191,1.48,2.1,2.1,0.1604,,0.541,,,B
mineral,p_cal,P2O5 (CAL),Nährstoffe,Cubist,326.0,109.0,0.72,0.835,6.2677,1.9,1.76,1.76,0.4306,,0.72,,,C
mineral,k_cal,K2O (CAL),Nährstoffe,Cubist,326.0,109.0,0.361,0.536,12.4964,1.26,0.88,0.88,0.5922,,0.361,,,D
mineral,mg_cacl2,Mg (CaCl2),Nährstoffe,XGBoost,580.0,193.0,0.444,0.622,6.9626,1.35,1.58,1.58,0.3255,,0.444,,,C
mineral,p_kw,P (Königswasser),Nährstoffe,Cubist,694.0,231.0,0.886,0.938,179.4456,2.97,3.59,2.84,0.2234,,0.875,0.871,,A
mineral,k_kw,K (Königswasser),Nährstoffe,Cubist,694.0,231.0,0.0,0.091,1970.1651,1.0,1.52,0.46,0.8729,,-0.105,0.017,,D
mineral,mg_kw,Mg (Königswasser),Nährstoffe,Cubist,694.0,231.0,0.096,0.11,3249.3789,1.05,1.08,0.56,0.7936,,0.091,0.116,,D
mineral,as_kw,Arsen,Schwermetalle (Königswasser),XGBoost,824.0,274.0,0.642,0.74,103.7367,1.68,0.45,0.45,0.5165,,0.689,0.323,,D
mineral,cd_kw,Cadmium,Schwermetalle (Königswasser),XGBoost,824.0,274.0,0.623,0.764,2.4598,1.63,0.82,0.82,0.3373,,0.767,0.391,,D
mineral,cr_kw,Chrom,Schwermetalle (Königswasser),Cubist,824.0,274.0,0.726,0.867,15.4748,1.92,1.94,1.94,0.1828,,0.759,0.559,,B
mineral,cu_kw,Kupfer,Schwermetalle (Königswasser),Cubist,824.0,274.0,0.7,0.866,30.8486,1.83,1.45,1.45,0.3454,,0.783,0.527,,C
mineral,hg_kw,Quecksilber,Schwermetalle (Königswasser),Cubist,824.0,274.0,0.739,0.852,0.2512,1.96,0.76,0.76,0.0828,,0.797,0.508,,D
mineral,ni_kw,Nickel,Schwermetalle (Königswasser),Cubist,824.0,274.0,0.684,0.873,11.3563,1.78,2.45,2.45,0.2285,,0.696,0.5,,B
mineral,pb_kw,Blei,Schwermetalle (Königswasser),XGBoost,824.0,274.0,0.664,0.777,135.2884,1.73,0.48,0.48,0.4856,,0.786,0.437,,D
mineral,zn_kw,Zink,Schwermetalle (Königswasser),XGBoost,813.0,271.0,0.746,0.826,122.3874,1.99,2.16,2.16,0.4603,,0.816,0.517,,B
mineral,bap,Benzo(a)pyren,Organische Schadstoffe,XGBoost,216.0,72.0,0.431,0.425,212.4672,1.33,1.52,1.52,0.7679,,,0.431,,C
mineral,pak16,PAK (Summe 16 EPA),Organische Schadstoffe,XGBoost,216.0,72.0,0.42,0.427,2941.6466,1.32,1.41,1.41,0.8227,,,0.42,,C
peat,corg,Corg,Kohlenstoff & Stickstoff,PLScv,1135.0,378.0,0.695,0.625,5.8044,1.81,1.27,0.71,0.0905,,,,0.695,D
peat,nt,Gesamt-N,Kohlenstoff & Stickstoff,Cubist,1131.0,377.0,0.8,0.905,0.3053,2.24,3.28,3.28,0.0607,,,,0.8,A
peat,cn,C/N-Verhältnis,Kohlenstoff & Stickstoff,Cubist,1118.0,372.0,0.8,0.866,10.3412,2.24,2.85,2.85,0.1353,,,,0.8,A
peat,trd,,,,,,,,,,,,,nur 21 Proben (< 60),,,,-
peat,loi,Glühverlust,Bodenphysik,XGBoost,224.0,74.0,0.562,0.817,13.9393,1.52,1.06,1.06,5.5541,,,,0.562,D
